,optA,value,slr,L,s1,lon,lat
Maldives9732,fullRetreat,1262.83996198,0.48218,1.46,1.015,73.039,2.778
Maldives9733,fullRetreat,1048.350035,0.48218,1.125,1.016,73.036,2.759
Maldives9734,fullRetreat,1198.31860183,0.48218,1.32,1.154,73.036,2.765
Maldives3230,fullProtect,0.80618,0.48218,0.195,0.972,73.583,2.962
Maldives3231,fullProtect,0.80618,0.48218,0.045,0.972,73.583,2.961
Maldives3232,fullProtect,0.80618,0.48218,0.179,0.972,73.582,2.96
Maldives3233,fullRetreat,1405.83324664,0.48218,0.453,0.972,73.582,2.957
Maldives3234,fullRetreat,1215.75680728,0.48218,0.504,0.972,73.581,2.953
Maldives3235,fullRetreat,1829.58163898,0.48218,2.114,1.712,73.587,2.96
Maldives3236,fullProtect,3.81918,0.48218,0.133,0.978,73.585,2.965
Maldives3237,fullProtect,0.81918,0.48218,0.232,0.978,73.584,2.963
Maldives9768,fullRetreat,1426.75909318,0.48218,6.393,0.985,73.409,2.794
Maldives9770,fullRetreat,1433.73437535,0.48218,1.53,0.988,73.403,2.772
Maldives9772,fullRetreat,1334.33660431,0.48218,2.097,1.03,73.428,2.826
Maldives9773,fullRetreat,1083.22644589,0.48218,1.943,1.03,73.436,2.833
Maldives9774,fullRetreat,1285.50962906,0.48218,1.351,1.008,73.442,2.836
Maldives9780,fullRetreat,1287.25344961,0.48218,4.593,1.213,73.565,2.929
Maldives9781,fullRetreat,2127.7749521,0.48218,4.008,1.986,73.565,2.954
Maldives9782,fullProtect,0.83918,0.48218,1.14,1.949,73.563,2.91
Maldives9783,fullProtect,0.82868,0.48218,0.908,1.916,73.569,2.93
Maldives9784,fullRetreat,2030.12100161,0.48218,2.324,1.897,73.56,2.903
Maldives9735,fullRetreat,1027.42418846,0.48218,1.271,1.0,72.919,2.371
Maldives9740,fullRetreat,1029.16800901,0.48218,4.612,1.002,72.925,2.331
Maldives9741,fullRetreat,1400.60178501,0.48218,1.972,1.0,72.954,2.321
Maldives9742,fullRetreat,1400.60178501,0.48218,2.248,1.0,72.953,2.299
Maldives9744,fullRetreat,1402.34560555,0.48218,3.76,1.0,72.939,2.279
Maldives9746,fullRetreat,1219.24444837,0.48218,1.395,1.002,72.976,2.2
Maldives9747,fullRetreat,1411.06470827,0.48218,0.765,1.002,72.98,2.195
Maldives9748,fullRetreat,1212.26916619,0.48218,1.537,1.0,72.984,2.193
Maldives9750,fullRetreat,1400.60178501,0.48218,2.097,0.999,73.018,2.176
Maldives9752,fullRetreat,1419.783811,0.48218,1.443,1.003,73.024,2.176
Maldives9753,fullRetreat,0,0.48218,3.422,1.003,73.032,2.174
Maldives9754,fullRetreat,1212.26916619,0.48218,2.238,0.998,73.043,2.174
Maldives9755,fullRetreat,1400.60178501,0.48218,2.167,0.998,73.059,2.173
Maldives9756,fullRetreat,0,0.48218,0.902,0.997,73.068,2.17
Maldives9757,noAdaptation,2579.42447315,0.48218,3.25,0.997,73.074,2.175
Maldives9758,noAdaptation,2582.91211424,0.48218,3.166,0.999,73.088,2.181
Maldives9760,fullRetreat,6598.93082844,0.48218,3.438,1.932,73.099,2.192
Maldives9762,noAdaptation,2602.09414023,0.48218,4.716,1.01,73.114,2.204
Maldives9765,fullRetreat,1311.66693723,0.48218,2.16,1.038,73.133,2.205
Maldives9766,fullRetreat,1477.32988897,0.48218,2.161,1.014,73.15,2.212
Maldives9767,fullRetreat,2602.25108408,0.48218,2.159,0.996,73.308,2.505
Maldives9769,noAdaptation,2572.44919097,0.48218,1.397,0.993,73.313,2.496
Maldives9771,fullRetreat,1902.82210185,0.48218,1.082,1.121,73.316,2.49
Maldives9776,fullRetreat,1695.30745704,0.48218,1.397,1.064,73.344,2.35
Maldives9777,fullRetreat,12279.0949266,0.48218,12.956,1.016,73.353,2.438
Maldives9778,fullRetreat,1955.13671819,0.48218,2.5,1.134,73.356,2.362
Maldives9779,noAdaptation,2809.60878504,0.48218,2.871,1.129,73.364,2.368
Maldives9785,noAdaptation,2575.93683206,0.48218,3.584,0.995,73.258,1.88
Maldives9786,fullRetreat,0,0.48218,0.903,0.995,73.271,1.848
Maldives9787,fullRetreat,0,0.48218,1.321,0.994,73.274,1.843
Maldives9789,fullRetreat,1412.80852882,0.48218,0.948,0.995,73.273,1.838
Maldives9790,fullRetreat,1412.80852882,0.48218,1.076,0.995,73.275,1.836
Maldives9791,fullRetreat,1412.80852882,0.48218,1.204,0.994,73.289,1.826
Maldives9792,fullRetreat,1416.29616991,0.48218,1.398,0.995,73.288,1.821
Maldives9793,noAdaptation,2579.42447315,0.48218,1.075,0.997,73.29,1.815
Maldives9794,fullRetreat,1423.27145209,0.48218,1.08,0.997,73.293,1.821
Maldives9795,fullRetreat,1423.27145209,0.48218,1.292,0.997,73.294,1.812
Maldives9796,fullRetreat,1433.73437535,0.48218,1.352,1.0,73.296,1.818
Maldives9797,fullRetreat,1224.47591,0.48218,1.084,0.995,73.302,1.803
Maldives9798,fullRetreat,1419.783811,0.48218,0.954,0.995,73.304,1.802
Maldives9799,fullRetreat,1217.50062782,0.48218,4.422,0.993,73.307,1.796
Maldives9800,fullRetreat,0,0.48218,0.901,0.991,73.33,1.784
Maldives9801,fullRetreat,1407.57706719,0.48218,0.903,0.991,73.337,1.781
Maldives9802,fullRetreat,1407.57706719,0.48218,0.811,0.991,73.341,1.778
Maldives9803,fullRetreat,1407.57706719,0.48218,1.268,0.99,73.346,1.784
Maldives9804,fullRetreat,1398.85796446,0.48218,1.98,0.989,73.347,1.781
Maldives9807,fullRetreat,1400.60178501,0.48218,1.597,0.988,73.356,1.781
Maldives9812,fullRetreat,3673.11384231,0.48218,1.99,0.988,73.368,1.779
Maldives9814,noAdaptation,2563.73008825,0.48218,1.584,0.988,73.368,1.773
Maldives9819,noAdaptation,2561.98626771,0.48218,5.141,0.987,73.384,1.774
Maldives9822,noAdaptation,2560.24244716,0.48218,4.534,0.986,73.399,1.782
Maldives9824,fullRetreat,2536.85781366,0.48218,2.782,0.986,73.405,1.812
Maldives9825,fullRetreat,1400.60178501,0.48218,1.475,0.986,73.411,1.814
Maldives9827,fullRetreat,4338.53832392,0.48218,5.553,0.986,73.405,1.791
Maldives9830,fullRetreat,1334.33660431,0.48218,0.999,1.038,73.424,1.819
Maldives9832,fullRetreat,1400.60178501,0.48218,2.427,0.985,73.42,1.81
Maldives9838,fullRetreat,5950.85736125,0.48218,1.713,0.977,73.561,2.108
Maldives9839,fullRetreat,4355.97652937,0.48218,5.357,0.986,73.472,1.815
Maldives9840,fullRetreat,1451.1725808,0.48218,0.817,0.991,73.554,2.063
Maldives9841,fullRetreat,2610.09827653,0.48218,4.964,0.991,73.562,2.092
Maldives9842,fullRetreat,1449.42876026,0.48218,2.232,0.991,73.558,2.067
Maldives9843,fullRetreat,1449.42876026,0.48218,1.08,0.991,73.556,2.053
Maldives9844,fullRetreat,1451.1725808,0.48218,0.631,0.991,73.555,2.056
Maldives9845,fullRetreat,1243.65793599,0.48218,2.525,0.991,73.558,2.074
Maldives9846,fullRetreat,1243.65793599,0.48218,1.258,0.991,73.55,2.041
Maldives9847,fullRetreat,1683.10071323,0.48218,2.537,1.583,73.553,2.05
Maldives9849,fullRetreat,1224.47591,0.48218,0.947,0.982,73.557,2.06
Maldives9850,fullRetreat,1418.03999045,0.48218,1.476,0.983,73.55,2.037
Maldives9851,fullRetreat,1683.10071323,0.48218,0.947,1.583,73.555,2.05
Maldives9853,fullRetreat,3997.4644636,0.48218,11.492,1.019,73.597,2.121
Maldives9854,fullRetreat,1707.51420086,0.48218,5.517,1.607,73.556,2.024
Maldives9857,fullRetreat,1751.10971447,0.48218,3.436,1.648,73.553,2.008
Maldives9858,fullRetreat,2870.6425041,0.48218,1.78,1.696,73.554,1.991
Maldives9859,fullRetreat,1482.5613506,0.48218,1.083,1.0,73.555,1.983
Maldives9860,fullRetreat,1433.73437535,0.48218,2.42,0.988,73.558,1.979
Maldives9862,fullRetreat,1233.19501273,0.48218,1.726,0.988,73.555,1.971
Maldives9863,fullRetreat,3701.01497102,0.48218,9.767,0.985,73.526,1.835
Maldives9866,fullRetreat,1400.60178501,0.48218,1.58,0.978,73.561,1.948
Maldives9868,fullRetreat,1050.09385554,0.48218,4.162,1.001,73.557,1.963
Maldives9869,fullRetreat,1212.26916619,0.48218,1.263,0.979,73.558,1.943
Maldives9870,fullRetreat,1400.60178501,0.48218,1.59,0.978,73.56,1.938
Maldives9873,fullRetreat,1400.60178501,0.48218,1.037,0.98,73.531,1.841
Maldives9874,fullRetreat,8420.42114009,0.48218,16.909,0.992,73.563,1.932
Maldives9875,noAdaptation,2588.14357588,0.48218,5.929,1.002,73.539,1.857
Maldives9876,noAdaptation,2598.60649914,0.48218,4.119,1.008,73.544,1.868
Maldives9889,fullRetreat,1413.41886601,0.49053,1.069,0.998,73.355,0.857
Maldives9890,fullRetreat,1915.63918285,0.49053,2.978,1.808,73.359,0.851
Maldives9891,fullRetreat,1450.03909745,0.49053,1.792,1.378,73.377,0.77
Maldives9892,fullRetreat,1322.74019769,0.49053,6.003,1.26,73.384,0.765
Maldives9894,fullRetreat,2229.11708305,0.49053,4.734,1.146,73.382,0.74
Maldives9896,fullRetreat,1654.06610116,0.49053,3.611,1.568,73.386,0.72
Maldives9897,fullRetreat,1809.26612963,0.49053,1.5,1.712,73.387,0.706
Maldives9898,fullRetreat,3607.60722355,0.49053,4.114,1.995,73.389,0.699
Maldives9899,fullRetreat,1915.63918285,0.49053,2.154,1.812,73.386,0.676
Maldives9900,fullRetreat,2822.42586604,0.49053,2.404,1.695,73.384,0.665
Maldives9901,fullRetreat,1844.14254052,0.49053,4.426,1.746,73.388,0.645
Maldives9902,fullRetreat,1908.66390067,0.49053,2.434,1.808,73.406,0.626
Maldives9903,fullRetreat,0,0.49053,1.332,2.125,73.444,0.51
Maldives9905,fullRetreat,6205.95214961,0.49053,8.478,1.914,73.389,0.292
Maldives9912,fullRetreat,1409.93122492,0.49053,1.074,1.015,73.395,0.32
Maldives9914,fullRetreat,0,0.49053,2.984,1.743,73.479,0.552
Maldives9915,fullRetreat,1769.15825711,0.49053,3.353,1.118,73.405,0.299
Maldives9916,fullRetreat,1819.7290529,0.49053,1.347,1.116,73.482,0.537
Maldives9917,fullRetreat,1769.15825711,0.49053,1.027,1.118,73.409,0.303
Maldives9918,fullRetreat,1481.42786725,0.49053,1.983,1.116,73.485,0.53
Maldives9919,noAdaptation,2726.51573609,0.49053,3.004,1.073,73.421,0.32
Maldives9920,fullRetreat,1664.52902443,0.49053,1.255,1.584,73.487,0.52
Maldives9921,fullRetreat,1758.69533384,0.49053,3.948,1.705,73.437,0.339
Maldives9922,fullRetreat,1755.20769275,0.49053,1.588,1.704,73.439,0.333
Maldives9923,fullRetreat,1755.20769275,0.49053,2.03,1.703,73.432,0.33
Maldives9924,fullRetreat,2144.07967419,0.49053,0.946,2.039,73.48,0.457
Maldives9926,fullRetreat,2041.19426206,0.49053,2.193,1.975,73.444,0.341
Maldives9927,fullRetreat,2037.70662097,0.49053,2.096,1.974,73.442,0.337
Maldives9928,fullRetreat,3644.22745499,0.49053,5.714,2.021,73.488,0.512
Maldives9929,fullRetreat,2016.78077444,0.49053,7.655,1.949,73.461,0.348
Maldives9930,fullRetreat,1795.31556528,0.49053,4.513,1.708,73.498,0.487
Maldives9932,fullRetreat,1225.08624719,0.49053,1.023,1.008,73.507,0.473
Maldives9935,fullRetreat,1225.08624719,0.49053,1.851,1.008,73.508,0.469
Maldives9937,fullRetreat,1807.52230909,0.49053,3.245,1.747,73.487,0.364
Maldives9938,fullRetreat,1817.98523236,0.49053,3.804,1.733,73.513,0.455
Maldives9940,fullRetreat,1415.16268655,0.49053,1.343,1.01,73.514,0.441
Maldives9941,fullRetreat,2276.20023776,0.49053,6.763,1.011,73.504,0.399
Maldives9942,fullRetreat,1415.16268655,0.49053,2.308,1.012,73.499,0.377
Maldives9943,fullRetreat,1415.16268655,0.49053,3.466,1.01,73.516,0.432
Maldives9944,fullRetreat,1988.87964573,0.49053,3.163,1.91,73.502,0.39
Maldives9945,fullRetreat,1743.00094894,0.49053,1.831,1.672,73.512,0.417
Maldives9946,fullRetreat,1606.98294646,0.49053,1.916,1.543,73.516,0.42
Maldives9947,fullRetreat,1763.92679547,0.49053,1.26,1.693,73.514,0.413
Maldives9805,fullRetreat,1040.24126947,0.49053,1.506,1.018,72.941,0.522
Maldives9806,fullRetreat,1225.08624719,0.49053,1.715,1.019,72.939,0.511
Maldives9808,fullRetreat,1413.41886601,0.49053,1.601,1.019,72.939,0.501
Maldives9809,fullRetreat,1413.41886601,0.49053,0.901,1.019,72.937,0.505
Maldives9810,fullRetreat,1413.41886601,0.49053,4.171,1.018,72.943,0.536
Maldives9811,fullRetreat,1226.83006774,0.49053,0.946,1.019,72.937,0.496
Maldives9813,fullRetreat,1413.41886601,0.49053,5.975,1.019,72.943,0.499
Maldives9815,fullRetreat,1411.67504547,0.49053,3.673,1.02,72.95,0.465
Maldives9816,fullRetreat,1413.41886601,0.49053,1.02,1.02,72.95,0.456
Maldives9817,fullRetreat,1225.08624719,0.49053,0.942,1.02,72.948,0.452
Maldives9818,fullRetreat,1413.41886601,0.49053,4.559,1.02,72.952,0.454
Maldives9820,fullRetreat,1411.67504547,0.49053,1.389,1.021,72.954,0.432
Maldives9821,fullRetreat,1040.24126947,0.49053,1.003,1.021,72.953,0.425
Maldives9823,noAdaptation,2635.83706777,0.49053,0.951,1.021,72.954,0.417
Maldives9826,noAdaptation,2637.58088831,0.49053,0.763,1.022,72.955,0.405
Maldives9828,noAdaptation,2641.0685294,0.49053,1.084,1.024,72.957,0.404
Maldives9829,noAdaptation,2641.0685294,0.49053,1.986,1.024,72.959,0.4
Maldives9831,noAdaptation,2646.29999104,0.49053,3.692,1.027,72.964,0.396
Maldives9833,noAdaptation,2637.58088831,0.49053,1.264,1.022,72.962,0.39
Maldives9834,noAdaptation,2637.58088831,0.49053,1.28,1.022,72.967,0.388
Maldives9835,noAdaptation,2637.58088831,0.49053,2.601,1.022,72.974,0.378
Maldives9836,fullRetreat,1409.93122492,0.49053,0.747,1.024,72.977,0.322
Maldives9837,noAdaptation,2641.0685294,0.49053,0.939,1.024,72.977,0.32
Maldives9848,noAdaptation,2641.0685294,0.49053,5.346,1.024,72.977,0.316
Maldives9852,noAdaptation,2764.87978807,0.49053,1.32,1.095,72.991,0.307
Maldives9855,fullRetreat,2527.72019401,0.49053,3.233,1.619,72.989,0.303
Maldives9856,fullRetreat,0,0.49053,0.943,1.618,72.998,0.298
Maldives9861,noAdaptation,2655.01909376,0.49053,2.769,1.032,73.002,0.297
Maldives9864,noAdaptation,2641.0685294,0.49053,2.564,1.024,73.011,0.29
Maldives9865,noAdaptation,2641.0685294,0.49053,1.493,1.024,73.016,0.284
Maldives9867,noAdaptation,2625.3741445,0.49053,1.262,1.015,73.152,0.69
Maldives9871,noAdaptation,2641.0685294,0.49053,2.235,1.024,73.02,0.28
Maldives9872,noAdaptation,2641.0685294,0.49053,2.15,1.024,73.028,0.278
Maldives9877,noAdaptation,2642.81234995,0.49053,4.224,1.025,73.032,0.277
Maldives9878,fullProtect,0.54303,0.49053,0.274,1.025,73.044,0.268
Maldives9879,fullRetreat,0,0.49053,0.446,1.025,73.045,0.269
Maldives9880,fullRetreat,0,0.49053,0.45,1.025,73.046,0.267
Maldives9881,fullProtect,0.54303,0.49053,0.272,1.025,73.048,0.268
Maldives9882,fullRetreat,0,0.49053,4.296,1.024,73.049,0.267
Maldives9883,noAdaptation,2642.81234995,0.49053,3.638,1.025,73.059,0.255
Maldives9884,fullRetreat,1408.18740438,0.49053,2.24,1.024,73.071,0.246
Maldives9885,noAdaptation,2641.0685294,0.49053,3.398,1.024,73.076,0.24
Maldives9886,fullRetreat,8381.72576221,0.49053,1.108,1.025,73.104,0.22
Maldives9887,noAdaptation,2642.81234995,0.49053,4.597,1.025,73.107,0.216
Maldives9888,noAdaptation,2642.81234995,0.49053,0.884,1.025,73.107,0.213
Maldives9893,fullRetreat,4281.18406621,0.49053,6.266,1.107,73.225,0.24
Maldives9958,fullRetreat,15350.0326584,0.49053,6.421,1.033,73.433,-0.284
Maldives9904,noAdaptation,3945.44629676,0.49053,0.763,1.772,73.089,-0.591
Maldives9906,fullProtect,3.80353,0.49053,0.404,1.053,73.09,-0.595
Maldives9907,fullProtect,3.80353,0.49053,0.632,1.053,73.092,-0.595
Maldives9908,fullProtect,3.80353,0.49053,0.239,1.053,73.091,-0.598
Maldives9909,noAdaptation,2691.6393252,0.49053,2.405,1.053,73.097,-0.611
Maldives9910,fullRetreat,31040.9299187,0.49053,14.976,1.051,73.08,-0.599
Maldives9911,fullRetreat,1395.98066056,0.49053,4.177,1.052,73.105,-0.637
Maldives9925,fullRetreat,1586.05709992,0.49053,1.453,1.761,73.112,-0.655
Maldives9931,fullRetreat,1395.98066056,0.49053,1.488,1.053,73.124,-0.677
Maldives9933,fullRetreat,1395.98066056,0.49053,6.286,1.052,73.116,-0.659
Maldives9934,fullRetreat,1395.98066056,0.49053,1.398,1.053,73.126,-0.682
Maldives9936,fullRetreat,1395.98066056,0.49053,1.083,1.053,73.132,-0.687
Maldives9939,fullRetreat,11857.1601076,0.49053,4.391,1.053,73.132,-0.677
Maldives9948,fullRetreat,3663.87159342,0.49053,7.731,1.052,73.148,-0.686
Maldives9949,fullRetreat,0,0.49053,0.999,1.047,73.207,-0.575
Maldives9950,fullRetreat,2543.00478108,0.49053,2.843,1.051,73.211,-0.575
Maldives9951,noAdaptation,2681.17640193,0.49053,0.939,1.047,73.222,-0.578
Maldives9952,fullRetreat,8371.26283894,0.49053,6.25,1.051,73.194,-0.672
Maldives9953,fullRetreat,11876.3421336,0.49053,7.538,1.053,73.231,-0.578
Maldives9954,noAdaptation,2698.61460738,0.49053,1.401,1.057,73.217,-0.658
Maldives9955,fullRetreat,12110.0140865,0.49053,11.105,1.143,73.225,-0.599
Maldives9956,fullRetreat,1505.84135487,0.49053,1.215,1.091,73.223,-0.647
Philippines10554,fullRetreat,3376.29731415,0.65378,34.81,0.729,121.134,18.627
Philippines10562,fullRetreat,15708.4752393,0.65378,74.087,1.186,121.562,18.396
Philippines10563,fullRetreat,351.790653752,0.65378,0.628,1.344,121.878,18.282
Philippines10568,fullRetreat,2222.78204172,0.65378,4.103,1.331,121.899,18.277
Philippines10569,noAdaptation,5561.11408344,0.65378,320.09,1.327,122.165,17.645
Philippines10587,noAdaptation,5042.6644762,0.960145,325.122,1.5,121.652,15.989
Philippines10640,noAdaptation,499.999499327,0.65378,58.026,1.143,121.425,19.391
Philippines10663,noAdaptation,125.942979146,0.65378,58.707,1.206,121.95,19.002
Philippines10527,fullRetreat,7365.26625061,0.960145,9.811,1.189,119.999,16.195
Philippines10534,noAdaptation,7261.54772796,0.960145,14.573,1.17,119.926,16.271
Philippines10535,noAdaptation,4960.26157163,0.960145,33.023,1.112,119.839,16.373
Philippines10536,noAdaptation,1506.20430801,0.960145,9.423,1.125,119.764,16.208
Philippines10537,noAdaptation,8908.74397162,0.960145,59.762,1.146,119.789,15.922
Philippines10549,noAdaptation,4563.24420058,0.960145,30.187,1.17,119.915,15.67
Philippines10526,fullRetreat,287.814201888,0.960145,4.028,1.156,120.1,16.084
Philippines10528,fullRetreat,878.172685521,0.960145,10.359,1.154,120.069,16.136
Philippines10529,noAdaptation,425.356355083,0.960145,5.331,1.122,120.127,16.054
Philippines10530,noAdaptation,1028.09036342,0.960145,4.337,1.117,120.165,16.035
Philippines10531,noAdaptation,13914.8416679,0.960145,7.314,1.151,120.218,16.032
Philippines10532,fullRetreat,197805.189141,0.960145,19.595,1.179,120.331,16.072
Philippines10533,fullRetreat,6748.54214388,0.960145,2.984,1.188,120.408,16.136
Philippines10538,fullRetreat,14135.91642,0.960145,63.4,1.039,120.319,16.573
Philippines10539,noAdaptation,3062.951971,0.960145,11.274,1.156,120.398,16.254
Philippines10540,noAdaptation,1912.32788798,0.960145,7.24,1.167,120.425,16.176
Philippines10541,noAdaptation,1448.89830554,0.65378,78.262,0.886,120.689,18.531
Philippines10542,noAdaptation,7838.68122345,0.65378,26.099,0.897,120.523,18.193
Philippines10543,fullRetreat,1804.5393684,0.65378,12.905,0.912,120.47,18.027
Philippines10544,fullRetreat,21623.4711249,0.65378,53.097,0.955,120.44,17.734
Philippines10545,fullRetreat,1588.56181558,0.65378,2.39,0.976,120.366,17.533
Philippines10546,fullRetreat,26053.6658814,0.65378,65.294,1.033,120.444,17.289
Philippines10547,noAdaptation,899.543809506,0.65378,4.884,1.043,120.453,16.978
Philippines10548,fullRetreat,5168.83514403,0.65378,14.723,1.034,120.413,16.9
Philippines10550,fullRetreat,11888.8859887,0.960145,120.383,1.233,120.059,15.076
Philippines10551,fullRetreat,5850.56019522,0.960145,8.399,1.291,120.278,14.819
Philippines10552,noAdaptation,5809.79323115,0.960145,38.892,1.328,120.293,14.646
Philippines10553,fullRetreat,34545.6273698,0.960145,71.713,1.376,120.611,14.512
Philippines10555,fullProtect,4.393145,0.960145,1.599,1.363,120.556,14.825
Philippines10556,noAdaptation,53895.8114126,0.960145,12.779,1.625,120.617,14.806
Philippines10557,fullRetreat,37608.9157289,0.960145,9.682,1.806,120.707,14.764
Philippines10558,fullRetreat,0,0.960145,4.677,1.729,120.771,14.756
Philippines10559,fullRetreat,21170.4746754,0.960145,4.639,1.664,120.813,14.759
Philippines10560,fullRetreat,23257.1985357,0.960145,5.928,1.639,120.855,14.746
Philippines10561,fullRetreat,85282.1293153,0.960145,4.389,1.704,120.89,14.716
Philippines10564,fullRetreat,124516.321437,0.960145,3.181,1.643,120.914,14.692
Philippines10565,fullProtect,1.522145,0.960145,25.355,1.636,120.978,14.582
Philippines10567,fullRetreat,569836.580207,0.960145,24.969,1.466,120.875,14.427
Philippines10586,fullRetreat,10763.7736715,0.62103,160.473,2.034,122.692,13.302
Philippines10591,fullRetreat,18812.2601405,0.960145,77.699,1.903,122.178,14.119
Philippines10592,fullRetreat,18145.8348016,0.960145,49.12,1.863,122.393,14.27
Philippines10593,fullRetreat,23914.2868179,0.62103,49.194,1.721,122.793,14.308
Philippines10594,fullRetreat,42593.0135882,0.62103,11.826,1.821,122.993,14.124
Philippines10595,fullRetreat,4233.65505589,0.62103,2.66,1.857,123.035,14.074
Philippines10596,noAdaptation,3082.87344699,0.62103,2.901,1.733,123.048,14.053
Philippines10597,noAdaptation,2848.22840215,0.62103,28.594,1.806,123.096,13.924
Philippines10598,fullRetreat,1484.4368009,0.62103,8.875,1.909,123.053,13.771
Philippines10599,fullRetreat,30554.5019099,0.62103,35.136,2.084,123.13,13.703
Philippines10600,fullRetreat,4775.76596347,0.62103,6.568,2.028,123.299,13.771
Philippines10601,fullRetreat,25470.553785,0.62103,175.834,1.665,123.667,13.882
Philippines10602,fullRetreat,1103.04605961,0.62103,10.138,1.821,123.55,13.668
Philippines10603,noAdaptation,2615.92965195,0.62103,18.475,1.771,123.553,13.55
Philippines10604,fullRetreat,8164.90319643,0.62103,19.956,1.64,123.692,13.455
Philippines10605,fullRetreat,10040.769306,0.62103,5.047,1.604,123.741,13.354
Philippines10606,fullRetreat,17676.3501972,0.62103,15.081,1.602,123.804,13.294
Philippines10607,fullRetreat,3968.54090193,0.62103,41.691,2.132,122.713,13.828
Philippines10608,fullRetreat,6880.24548096,0.62103,17.938,2.037,122.832,13.643
Philippines10609,noAdaptation,2257.58531161,0.62103,19.971,1.938,122.958,13.534
Philippines10610,noAdaptation,4757.02944368,0.62103,30.66,1.905,123.167,13.451
Philippines10611,fullRetreat,561.769681761,0.62103,10.363,2.133,123.247,13.291
Philippines10612,fullRetreat,3851.4889442,0.62103,10.599,2.775,123.294,13.209
Philippines10613,noAdaptation,1434.75239081,0.62103,14.359,1.955,123.292,13.105
Philippines10614,fullRetreat,1407.54485544,0.62103,27.787,1.908,123.403,13.041
Philippines10615,noAdaptation,22332.3727089,0.62103,52.367,1.803,123.704,12.862
Philippines10616,fullRetreat,18182.9001149,0.62103,40.224,1.644,124.044,12.939
Philippines10617,fullRetreat,5963.72908656,0.62103,20.365,1.788,123.847,12.84
Philippines10618,fullRetreat,5004.41782419,0.62103,24.196,1.661,123.882,12.648
Philippines10619,fullRetreat,7869.91676928,0.62103,25.641,1.409,124.062,12.537
Philippines10620,fullRetreat,331.128773144,0.62103,4.922,1.395,124.129,12.646
Philippines10621,fullRetreat,605.842576864,0.62103,18.724,1.374,124.15,12.75
Philippines10622,fullRetreat,14144.827815,0.62103,36.507,1.54,124.166,12.979
Philippines10623,fullRetreat,1911.79593225,0.62103,14.452,1.616,124.094,13.016
Philippines10624,fullProtect,0.96903,0.62103,0.408,1.622,124.04,13.041
Philippines10625,fullRetreat,4953.88613336,0.62103,17.468,1.619,123.988,13.1
Philippines10626,fullRetreat,3890.99888472,0.62103,12.398,1.612,123.867,13.13
Philippines10627,fullRetreat,309.748390412,0.62103,0.855,1.643,123.836,13.081
Philippines10628,fullRetreat,600.193317851,0.62103,5.923,1.639,123.814,13.059
Philippines10629,fullRetreat,4927.46652543,0.62103,20.14,1.653,123.758,13.12
Philippines10630,fullRetreat,15005.4885876,0.62103,21.1,1.643,123.85,13.226
Philippines10775,fullRetreat,12136.8226796,0.62103,147.424,2.071,122.963,13.13
Philippines10875,fullRetreat,292.354582231,0.62103,11.158,1.769,123.753,12.379
Philippines10876,fullRetreat,390.499848403,0.62103,10.267,2.059,123.692,12.453
Philippines10877,fullRetreat,7683.6813212,0.62103,47.699,1.939,123.606,12.665
Philippines10878,fullRetreat,1357.35537276,0.62103,9.386,1.668,123.763,12.499
Philippines10879,fullRetreat,1734.70772223,0.62103,13.712,1.912,123.79,12.399
Philippines10887,fullRetreat,10983.0263552,0.62103,151.607,1.626,124.129,14.056
Philippines10888,fullRetreat,3957.9703589,0.62103,21.333,1.702,124.317,13.555
Philippines10889,fullRetreat,605.556470556,0.62103,10.494,1.735,124.213,13.561
Philippines10912,fullRetreat,520.130655378,0.426965,10.547,1.959,124.037,11.754
Philippines10913,fullRetreat,357.522678182,0.426965,1.274,1.953,124.004,11.796
Philippines10914,fullRetreat,456.35037243,0.426965,6.163,1.977,123.98,11.819
Philippines10915,fullRetreat,34794.4794599,0.62103,247.483,2.123,123.145,11.934
Philippines10916,fullRetreat,8058.82851924,0.62103,11.828,1.973,123.626,12.383
Philippines10917,fullRetreat,14997.2945964,0.62103,86.346,1.832,123.961,12.11
Philippines10918,fullRetreat,333.293285364,0.426965,4.48,1.99,124.079,11.73
Philippines11119,fullRetreat,383.178992651,0.426965,11.093,2.018,124.445,11.486
Philippines11120,fullRetreat,931.436733514,0.426965,7.229,2.165,124.4,11.554
Philippines11121,fullRetreat,824.354761286,0.426965,5.187,2.133,124.375,11.604
Philippines11122,fullRetreat,10533.8329694,0.426965,25.486,2.011,124.39,11.697
Philippines11123,fullRetreat,1819.21394897,0.426965,21.648,1.964,124.564,11.626
Philippines11124,fullRetreat,686.027388268,0.426965,18.711,1.965,124.584,11.472
Philippines11125,fullRetreat,190.846766688,0.426965,1.339,2.126,124.494,11.462
Philippines11138,fullRetreat,1326.71600261,0.426965,7.562,1.998,124.559,11.333
Philippines11139,fullRetreat,9580.27942356,0.426965,25.671,1.905,124.696,11.304
Philippines11140,fullRetreat,7904.62320599,0.426965,26.103,1.769,124.887,11.422
Philippines11141,fullRetreat,11708.5241191,0.426965,9.293,1.26,124.978,11.333
Philippines11142,fullRetreat,19538.257652,0.426965,9.455,1.101,124.981,11.25
Philippines11149,fullRetreat,199.374825174,0.412395,35.887,1.373,125.066,10.261
Philippines11150,noAdaptation,885.203637254,0.412395,4.833,1.48,124.98,10.355
Philippines11151,fullRetreat,1481.81142481,0.412395,35.565,1.496,125.004,10.176
Philippines11152,fullRetreat,3271.71622558,0.426965,22.59,2.063,124.486,11.439
Philippines11153,fullRetreat,955.814264455,0.426965,4.181,2.045,124.39,11.511
Philippines11154,fullRetreat,4146.13249655,0.426965,16.774,2.046,124.315,11.565
Philippines11155,fullRetreat,35908.096872,0.426965,82.179,2.016,124.404,11.156
Philippines11156,fullRetreat,441.791580267,0.426965,15.255,2.047,124.553,10.936
Philippines11157,fullRetreat,1922.7334886,0.426965,14.514,2.075,124.616,10.997
Philippines11158,fullRetreat,5997.76930854,0.426965,71.158,2.061,124.804,10.673
Philippines11159,fullRetreat,11020.5650839,0.412395,54.227,1.776,124.799,10.17
Philippines11160,fullRetreat,285.140450631,0.412395,1.329,1.626,125.006,10.031
Philippines11167,fullRetreat,913.930238486,0.426965,3.821,1.999,124.811,11.533
Philippines11168,fullRetreat,20209.9125312,0.426965,48.652,2.111,124.733,11.719
Philippines11169,fullRetreat,478.542245123,0.426965,2.301,1.875,124.835,11.534
Philippines11197,fullRetreat,4483.62093455,0.426965,106.133,1.495,125.369,11.113
Philippines11198,fullRetreat,1006.01642722,0.426965,2.539,1.375,124.998,11.364
Philippines11199,fullRetreat,1914.43221193,0.426965,33.249,1.833,124.902,11.466
Philippines11200,fullRetreat,942.173105747,0.426965,1.725,1.88,124.869,11.547
Philippines11201,fullRetreat,4522.2315753,0.426965,42.262,1.831,125.01,11.656
Philippines11202,fullRetreat,5377.11150742,0.426965,15.546,1.982,124.89,11.801
Philippines11203,fullRetreat,11161.5267461,0.426965,98.09,1.646,124.494,12.091
Philippines11204,fullRetreat,5484.53556329,0.62103,15.454,1.178,124.265,12.525
Philippines11205,fullRetreat,34055.8023666,0.426965,350.7,1.676,125.489,12.164
Philippines11143,fullRetreat,12222.702361,0.426965,6.664,1.095,125.029,11.196
Philippines11144,fullRetreat,12046.2269587,0.426965,37.742,1.169,125.041,10.997
Philippines11145,fullRetreat,629.894706512,0.426965,9.309,1.069,125.01,10.792
Philippines11146,fullRetreat,794.331064562,0.426965,15.106,0.984,125.065,10.71
Philippines11147,fullRetreat,1784.62118927,0.412395,54.203,0.991,125.186,10.447
Philippines11148,fullRetreat,485.40914296,0.412395,8.778,1.36,125.205,10.229
Philippines11191,noAdaptation,1090.64224578,0.412395,10.722,1.503,125.219,9.963
Philippines11192,noAdaptation,4940.74897365,0.412395,57.732,1.442,125.203,10.129
Philippines11209,fullRetreat,1573.28763371,0.426965,50.091,1.016,125.71,10.817
Philippines11190,fullRetreat,218.03287214,0.412395,3.928,1.498,125.264,9.915
Philippines10681,fullRetreat,8269.02708794,0.960145,145.329,1.612,121.961,15.054
Philippines10566,fullRetreat,15530.5634978,0.960145,10.142,1.463,120.757,14.321
Philippines10570,fullProtect,1.200145,0.960145,0.981,1.406,120.715,14.294
Philippines10571,fullProtect,1.323145,0.960145,0.432,1.407,120.71,14.291
Philippines10572,fullRetreat,50935.2365519,0.960145,129.469,1.503,120.629,13.806
Philippines10573,fullRetreat,3512.95559767,0.960145,9.94,1.708,121.001,13.78
Philippines10574,fullRetreat,14429.1598035,0.960145,24.683,1.597,121.062,13.66
Philippines10575,fullRetreat,472.268739763,0.960145,13.969,1.668,121.227,13.628
Philippines10576,fullRetreat,3056.47409745,0.960145,25.242,1.726,121.373,13.658
Philippines10577,fullRetreat,1722.92351246,0.960145,10.498,1.784,121.446,13.795
Philippines10578,fullRetreat,2499.32882307,0.960145,14.047,1.864,121.528,13.864
Philippines10579,fullRetreat,6348.87009579,0.960145,10.558,1.84,121.625,13.917
Philippines10580,fullRetreat,2220.12993455,0.960145,7.326,1.868,121.696,13.956
Philippines10581,fullRetreat,14036.0637419,0.960145,21.587,1.852,121.818,13.937
Philippines10582,fullRetreat,2114.86786453,0.960145,19.273,1.859,121.951,13.831
Philippines10583,fullRetreat,1055.46252954,0.960145,6.567,2.002,122.055,13.778
Philippines10584,fullRetreat,3147.65946317,0.960145,21.322,2.189,122.15,13.708
Philippines10585,fullRetreat,3222.51357883,0.62103,17.363,2.295,122.26,13.602
Philippines10588,fullRetreat,14579.5169107,0.960145,21.362,1.687,121.683,14.714
Philippines10589,fullRetreat,2911.97453504,0.960145,77.251,1.751,121.705,14.355
Philippines10590,fullRetreat,10716.600628,0.960145,46.551,1.818,122.008,13.959
Philippines10641,fullRetreat,8947.07142121,0.960145,68.415,1.439,120.1,13.864
Philippines10646,fullRetreat,2035.37613962,0.960145,38.741,1.46,120.991,13.484
Philippines10647,fullRetreat,11862.1972788,0.750975,20.865,1.855,121.215,13.409
Philippines10648,fullRetreat,2872.49893996,0.750975,10.836,1.791,121.328,13.322
Philippines10649,fullRetreat,1810.63066675,0.960145,101.925,1.459,120.406,13.523
Philippines10650,fullRetreat,23498.0936034,0.750975,83.536,1.849,121.489,12.976
Philippines10651,fullRetreat,671.984370616,0.750975,11.927,1.922,121.537,12.58
Philippines10652,fullRetreat,505.852256124,0.750975,6.485,1.935,121.477,12.523
Philippines10653,fullRetreat,1111.98741175,0.750975,42.875,1.463,120.69,13.133
Philippines10654,fullRetreat,3156.92395717,0.750975,68.575,1.488,120.864,12.705
Philippines10655,fullRetreat,1132.38211469,0.750975,29.929,1.807,121.418,12.386
Philippines10656,fullRetreat,2771.45425269,0.750975,16.461,1.702,121.295,12.286
Philippines10657,fullRetreat,181.02741671,0.750975,4.398,1.498,120.986,12.42
Philippines10658,fullRetreat,3471.08858559,0.750975,11.886,1.509,121.039,12.37
Philippines10659,fullProtect,0.975975,0.750975,0.337,1.511,121.079,12.332
Philippines10660,fullRetreat,5841.04565557,0.750975,9.775,1.511,121.115,12.331
Philippines10661,fullRetreat,3424.95590455,0.750975,17.062,1.553,121.145,12.242
Philippines10662,fullProtect,0.825475,0.750975,2.037,1.641,121.228,12.236
Philippines10687,fullRetreat,7191.03673118,0.960145,50.646,1.67,122.127,14.838
Philippines10692,fullRetreat,7376.75984203,0.960145,78.763,1.991,121.942,14.211
Philippines10694,fullRetreat,7279.64092789,0.750975,31.557,1.857,121.902,13.262
Philippines10695,fullRetreat,9109.46246052,0.750975,25.33,1.786,121.834,13.482
Philippines10696,fullRetreat,8506.86534212,0.750975,62.158,1.881,122.121,13.42
Philippines10698,fullRetreat,1041.5480404,0.750975,2.933,2.035,122.009,12.104
Philippines10699,fullRetreat,0,0.750975,1.77,2.005,121.995,12.119
Philippines10700,fullRetreat,7282.07457946,0.750975,30.59,1.956,121.934,12.248
Philippines10701,fullRetreat,3669.32720768,0.750975,11.515,1.949,121.989,12.409
Philippines10702,fullRetreat,8606.20494253,0.750975,34.029,1.952,122.002,12.604
Philippines10703,fullRetreat,8393.03624515,0.750975,19.131,1.986,122.14,12.585
Philippines10704,fullRetreat,1073.0425757,0.750975,46.779,2.029,122.08,12.295
Philippines10737,fullRetreat,4146.1714276,0.62103,90.375,2.065,122.516,12.5
Philippines10706,fullRetreat,7568.68860818,0.750975,10.806,2.065,122.622,11.537
Philippines10707,fullRetreat,36240.7062796,0.41653,15.263,2.072,122.727,11.588
Philippines10708,fullRetreat,69474.954639,0.41653,80.47,2.355,122.975,11.472
Philippines10709,fullRetreat,4780.79811748,0.41653,4.657,2.484,123.154,11.438
Philippines10710,fullRetreat,528.626627536,0.41653,4.673,2.471,123.15,11.396
Philippines10711,fullRetreat,315.297179179,0.41653,4.899,2.551,123.14,11.354
Philippines10712,fullRetreat,1352.03115498,0.41653,2.322,2.477,123.129,11.324
Philippines10713,fullRetreat,2092.72655512,0.41653,7.609,2.527,123.113,11.282
Philippines10714,fullRetreat,5104.69377739,0.41653,18.401,2.52,123.123,11.177
Philippines10715,fullRetreat,703.470099637,0.41653,8.393,2.472,123.034,11.104
Philippines10716,fullRetreat,13479.0938264,0.750975,127.159,1.953,122.089,11.575
Philippines10717,fullRetreat,9774.34670427,0.750975,27.296,1.95,122.022,11.888
Philippines10718,fullRetreat,6379.41423586,0.750975,20.149,1.99,122.213,11.806
Philippines10719,fullRetreat,15634.7857953,0.750975,10.726,2.02,122.333,11.737
Philippines10720,fullRetreat,5399.02777787,0.750975,5.629,2.101,122.397,11.7
Philippines10721,fullRetreat,24925.6554756,0.750975,25.152,2.105,122.499,11.608
Philippines10722,fullProtect,0.80953,0.41653,13.216,2.156,122.594,10.737
Philippines10723,fullRetreat,13693.4265882,0.41653,18.282,2.653,122.691,10.802
Philippines10724,fullRetreat,10693.3517118,0.41653,17.924,2.6,122.776,10.91
Philippines10725,fullRetreat,1152.13958334,0.41653,15.781,2.505,122.81,10.996
Philippines10726,fullRetreat,1385.88538618,0.41653,15.829,2.53,122.944,11.042
Philippines10727,fullRetreat,2460.05493757,0.750975,17.979,1.766,121.999,10.946
Philippines10728,fullRetreat,7131.33076726,0.750975,9.726,1.697,121.949,10.833
Philippines10729,fullRetreat,7673.46868077,0.750975,8.929,1.654,121.943,10.754
Philippines10730,fullRetreat,983.040516727,0.750975,5.686,1.654,121.969,10.693
Philippines10731,fullRetreat,161.401032245,0.41653,1.428,1.66,122.185,10.622
Philippines10732,fullRetreat,676.399614324,0.41653,30.465,1.762,122.322,10.66
Philippines10733,fullRetreat,5046.72020123,0.41653,10.516,1.955,122.504,10.686
Philippines10734,fullRetreat,3327.47910893,0.41653,34.789,1.729,121.94,10.52
Philippines10735,fullRetreat,462.024984634,0.41653,8.316,1.743,122.001,10.434
Philippines10736,fullRetreat,250.310710292,0.41653,25.284,1.724,122.089,10.554
Philippines10747,fullRetreat,8453.97910568,0.41653,35.917,1.716,122.497,10.532
Philippines10748,fullProtect,0.78453,0.41653,0.043,1.946,122.583,10.667
Philippines10749,fullRetreat,4858.60003347,0.41653,6.024,2.019,122.601,10.688
Philippines10750,noAdaptation,2082.75445689,0.41653,1.054,2.108,122.622,10.712
Philippines10751,fullRetreat,11530.5783506,0.41653,30.261,2.243,122.722,10.692
Philippines10752,fullRetreat,2228.58860927,0.41653,27.552,1.827,122.648,10.455
Philippines10754,fullRetreat,1677.35288508,0.41653,16.211,2.027,123.339,10.322
Philippines10758,fullRetreat,6849.74986636,0.41653,33.104,1.893,122.834,10.068
Philippines10759,fullRetreat,22786.9590135,0.41653,22.791,2.096,122.855,10.311
Philippines10760,fullRetreat,11804.4375271,0.41653,9.994,1.993,122.831,10.455
Philippines10761,fullProtect,0.79953,0.41653,16.792,2.153,122.865,10.555
Philippines10762,fullRetreat,28470.7490588,0.41653,11.915,2.413,122.939,10.658
Philippines10763,fullRetreat,19810.2069828,0.41653,47.567,2.485,122.971,10.904
Philippines10764,fullRetreat,6015.10461896,0.41653,23.758,2.479,123.27,10.987
Philippines10765,fullRetreat,15949.1423734,0.41653,85.057,2.104,123.534,10.709
Philippines10773,fullRetreat,3195.60529911,0.41653,72.173,1.667,122.874,9.301
Philippines10774,fullRetreat,11991.8432598,0.41653,97.26,1.671,122.408,9.803
Philippines11217,fullRetreat,1756.05790416,0.412395,3.215,1.914,125.574,9.989
Philippines11218,fullRetreat,1061.87789492,0.412395,3.637,1.421,125.553,10.012
Philippines11219,fullRetreat,1876.14821734,0.412395,8.58,1.409,125.516,10.053
Philippines11220,fullRetreat,1194.56211403,0.412395,124.215,1.322,125.677,10.364
Philippines11231,fullRetreat,1842.07700072,0.412395,34.494,1.541,125.957,9.86
Philippines11232,fullRetreat,1807.32734183,0.412395,12.204,1.317,126.051,10.048
Philippines11233,fullRetreat,1203.14840165,0.412395,17.86,1.336,126.107,9.946
Philippines10785,fullRetreat,3163.10711488,0.41653,14.435,1.609,123.606,8.65
Philippines10786,fullRetreat,3672.92545213,0.41653,11.858,1.533,123.713,8.617
Philippines10787,fullRetreat,2209.3220165,0.41653,5.38,1.525,123.766,8.561
Philippines10788,fullRetreat,2966.45164398,0.41653,10.533,1.536,123.804,8.501
Philippines10789,fullRetreat,3605.81812721,0.41653,28.277,1.545,123.85,8.334
Philippines10790,fullRetreat,4709.92525689,0.484585,10.672,1.674,123.866,8.161
Philippines10791,fullProtect,0.914585,0.484585,0.153,1.708,123.834,8.125
Philippines10792,fullRetreat,2280.00712308,0.484585,6.606,1.733,123.812,8.104
Philippines10793,fullRetreat,1805.98246476,0.484585,15.545,1.782,123.731,8.049
Philippines10794,fullRetreat,3911.96364431,0.484585,3.347,1.821,123.656,8.018
Philippines10801,fullRetreat,262.313978656,0.41653,0.934,1.632,123.545,8.623
Philippines10802,fullRetreat,5794.978035,0.484585,6.03,1.811,123.655,7.981
Philippines10812,fullRetreat,3460.95764854,0.484585,30.115,1.523,124.213,8.207
Philippines10813,fullRetreat,331.250138131,0.484585,1.369,1.531,124.249,8.328
Philippines10814,fullRetreat,349.013849958,0.412395,14.749,1.563,124.281,8.393
Philippines10815,fullRetreat,929.509031298,0.412395,10.428,1.552,124.302,8.5
Philippines10816,fullRetreat,215.882433285,0.412395,1.651,1.524,124.327,8.548
Philippines10817,fullRetreat,2203.4724171,0.412395,22.576,1.526,124.419,8.607
Philippines10818,fullRetreat,1242.45005401,0.412395,11.412,1.567,124.54,8.545
Philippines10819,fullRetreat,2074.93393894,0.412395,5.051,1.573,124.604,8.509
Philippines10820,fullRetreat,8170.78364165,0.412395,14.373,1.554,124.685,8.476
Philippines10821,fullRetreat,9146.49902122,0.412395,53.74,1.523,124.747,8.722
Philippines10822,fullRetreat,4382.44328644,0.412395,51.09,1.5,124.96,8.963
Philippines11181,fullRetreat,3378.30358201,0.412395,29.254,1.445,124.657,9.137
Philippines11182,fullRetreat,4105.00765965,0.412395,24.429,1.442,124.763,9.223
UnitedKingdom9960,noAdaptation,0,0.49053,94.47,1.296,72.456,-7.404
Australia10223,fullRetreat,1321.81367631,0.512905,19.645,0.978,96.824,-12.131
BruneiDarussalam10382,fullProtect,0.537045,0.441045,31.044,2.16,114.231,4.585
BruneiDarussalam10387,fullRetreat,434.861142006,0.441045,2.078,2.569,115.009,4.894
BruneiDarussalam10392,fullRetreat,768.02704957,0.441045,10.285,2.532,115.063,4.804
BruneiDarussalam10393,fullRetreat,157.421486716,0.441045,9.923,2.599,115.134,4.86
BruneiDarussalam10386,fullProtect,0.545045,0.441045,63.129,2.568,115.037,5.046
BruneiDarussalam10383,fullRetreat,716.515155154,0.441045,20.025,2.405,114.447,4.659
BruneiDarussalam10384,fullRetreat,548.430715368,0.441045,9.326,2.274,114.56,4.724
BruneiDarussalam10385,fullProtect,0.536545,0.441045,28.548,2.328,114.681,4.844
Djibouti1414,fullRetreat,159.444681861,0.543165,143.333,2.071,43.417,12.166
Djibouti1413,fullRetreat,160.01061077,0.543165,69.779,2.233,42.718,11.655
Djibouti1411,fullRetreat,13.0449611557,0.543165,36.939,2.183,42.647,11.476
Djibouti1410,fullRetreat,2551.56827517,0.543165,17.573,2.333,42.945,11.585
Djibouti1412,fullRetreat,2191.71250008,0.543165,13.375,2.264,42.808,11.572
Djibouti1409,fullRetreat,37943.9055874,0.543165,30.111,2.49,43.158,11.57
Ecuador7788,noAdaptation,69.9579467072,0.45457,422.472,1.207,-91.576,0.013
Ecuador7779,noAdaptation,14.4905374351,0.45457,91.365,1.206,-91.534,-0.264
Ecuador7787,noAdaptation,343.344907674,0.45457,96.05,1.223,-90.821,-0.164
Ecuador7793,noAdaptation,783.138967729,0.45457,116.047,1.24,-90.381,-0.507
Ecuador7805,fullRetreat,89.8347871154,0.454725,50.076,1.226,-90.454,-1.218
Ecuador7811,noAdaptation,1252.6378986,0.45457,111.039,1.258,-89.336,-0.687
Egypt1439,noAdaptation,30.8235241012,0.31814,59.347,1.331,36.722,22.181
Eritrea1430,fullRetreat,473.152233876,0.543165,44.021,1.0,38.688,17.818
Eritrea1427,fullRetreat,29.7606809822,0.543165,4.88,0.834,39.196,16.364
Eritrea1428,fullRetreat,244.33265191,0.543165,44.157,0.853,39.161,16.58
Eritrea1429,fullRetreat,938.37536775,0.543165,104.946,0.895,38.99,17.223
Eritrea1423,fullRetreat,203.859987585,0.543165,17.345,0.788,39.707,15.107
Eritrea1424,fullRetreat,306.069448002,0.543165,44.364,0.788,39.666,15.37
Eritrea1425,fullRetreat,1201.52219375,0.543165,86.954,0.749,39.409,15.79
Eritrea1426,fullRetreat,46.6660552991,0.543165,24.231,0.81,39.211,16.235
Eritrea9291,fullRetreat,3891.361971,0.543165,205.602,0.949,39.972,15.809
Eritrea1415,fullRetreat,319.072600907,0.543165,38.104,1.576,43.044,12.855
Eritrea1422,fullRetreat,1969.78834545,0.543165,170.386,0.786,40.01,15.355
Eritrea1421,fullRetreat,276.840970853,0.543165,119.466,0.931,40.854,14.717
Eritrea1416,fullRetreat,359.248397906,0.543165,39.635,1.565,42.784,12.877
Eritrea1417,fullRetreat,17.7550684283,0.543165,36.102,1.398,42.596,13.145
Eritrea1418,fullRetreat,406.138689633,0.543165,140.187,1.182,42.196,13.651
Eritrea1419,fullRetreat,87.103707324,0.543165,28.385,1.162,41.732,13.912
Eritrea1420,fullRetreat,351.572898758,0.543165,65.439,1.002,41.48,14.237
Indonesia10420,fullRetreat,6879.55621636,0.416105,309.882,2.876,117.549,3.616
Indonesia10634,fullRetreat,48.3268912593,0.416105,25.626,2.327,117.775,4.094
Indonesia10636,fullRetreat,63.3508638758,0.416105,21.442,2.267,117.925,4.08
Indonesia10362,fullRetreat,26383.0827705,0.44169,234.446,1.543,109.046,1.333
Indonesia10422,fullRetreat,39027.7849914,0.416105,126.604,2.252,117.46,-0.408
Indonesia10423,fullRetreat,3516.15647812,0.416105,470.843,1.739,118.478,0.831
Indonesia10424,fullRetreat,1657.73263255,0.416105,32.044,2.203,117.388,3.171
Indonesia10425,fullRetreat,1841.70534714,0.416105,61.559,2.734,117.683,2.933
Indonesia10426,fullRetreat,148.365092412,0.416105,38.22,2.579,117.847,2.582
Indonesia10427,fullRetreat,412.844386639,0.416105,41.334,2.435,118.089,2.32
Indonesia10428,fullRetreat,193.306810781,0.416105,15.064,2.539,117.953,2.128
Indonesia10429,fullRetreat,300.134258844,0.416105,26.751,2.479,117.866,1.977
Indonesia10430,fullRetreat,1339.58228523,0.416105,11.302,2.624,117.858,2.1
Indonesia10633,fullRetreat,977.231408688,0.416105,78.627,3.161,117.244,3.585
Indonesia10637,fullRetreat,95.0513983709,0.416105,54.137,2.358,117.657,4.141
Indonesia10639,fullRetreat,354.098020557,0.416105,58.768,2.717,117.591,3.434
Indonesia10411,fullRetreat,10668.4769401,0.44169,80.558,2.397,116.47,-2.539
Indonesia10413,fullRetreat,21100.2539894,0.44169,131.528,1.846,116.458,-2.021
Indonesia10414,fullProtect,0.646605,0.416105,87.932,2.533,116.531,-1.502
Indonesia10415,fullRetreat,1876.84361741,0.416105,29.164,2.061,116.719,-1.142
Indonesia10417,fullProtect,0.579105,0.416105,44.074,2.297,116.786,-1.203
Indonesia10418,fullProtect,0.660105,0.416105,2.948,2.445,116.946,-1.245
Indonesia10419,fullProtect,0.651605,0.416105,43.695,2.45,117.083,-1.098
Indonesia10421,fullRetreat,21749.2224723,0.416105,76.349,2.211,117.442,-0.861
Indonesia10194,fullRetreat,6703.16300133,0.35642,233.8,0.665,95.778,2.921
Indonesia3238,fullRetreat,266.643798446,0.417235,12.855,1.6,122.037,1.045
Indonesia3279,fullRetreat,7637.37680475,0.416105,396.725,1.601,120.025,-0.397
Indonesia3280,fullRetreat,6574.81634053,0.416105,200.461,1.535,121.907,0.428
Indonesia3281,fullRetreat,2176.81584499,0.417235,18.536,1.489,122.875,0.48
Indonesia3282,fullRetreat,23830.4663563,0.417235,380.32,1.171,124.507,0.535
Indonesia3283,fullRetreat,4473.77226203,0.484585,2.521,1.642,124.926,1.66
Indonesia3284,fullRetreat,254424.59453,0.484585,23.123,1.721,124.834,1.589
Indonesia3285,fullRetreat,11274.1776813,0.417235,378.404,1.557,123.657,0.869
Indonesia3287,fullProtect,0.544585,0.484585,0.049,1.532,126.705,4.284
Indonesia3288,fullProtect,0.544585,0.484585,0.054,1.532,126.705,4.284
Indonesia3290,noAdaptation,0,0.484585,0.388,1.533,126.705,4.283
Indonesia3289,fullProtect,0.544585,0.484585,0.06,1.532,126.705,4.285
Indonesia3291,fullRetreat,0,0.484585,0.713,1.533,126.703,4.284
Indonesia11261,fullRetreat,1851.15481409,0.484585,51.913,1.596,125.527,3.42
Indonesia11262,fullRetreat,2721.06552741,0.484585,100.931,1.643,125.479,3.733
Indonesia11263,fullRetreat,1698.59264918,0.484585,57.092,1.618,125.656,3.474
Indonesia11264,fullRetreat,968.606157336,0.484585,12.021,1.661,125.577,3.763
Indonesia11265,fullRetreat,671.408933306,0.484585,16.613,1.654,125.624,3.793
Indonesia11266,fullRetreat,661.373775348,0.484585,10.97,1.561,125.448,3.26
Indonesia11267,fullRetreat,174.461555611,0.484585,27.193,1.549,125.505,3.178
Indonesia11268,fullRetreat,3723.6069094,0.484585,51.926,1.461,125.418,2.806
Indonesia11286,fullRetreat,879.856223869,0.484585,10.136,1.514,126.744,4.545
Indonesia11287,fullRetreat,1251.19118786,0.484585,19.875,1.514,126.724,4.456
Indonesia11288,fullRetreat,1000.08878939,0.484585,3.483,1.509,126.786,4.525
Indonesia11289,noAdaptation,267.147278029,0.484585,2.487,1.512,126.807,4.535
Indonesia11290,fullRetreat,107.830213915,0.484585,0.078,1.51,126.814,4.527
Indonesia11291,fullRetreat,107.697676794,0.484585,0.987,1.51,126.817,4.527
Indonesia11292,fullRetreat,1852.70223544,0.484585,7.043,1.523,126.834,4.498
Indonesia11293,noAdaptation,796.09548535,0.484585,1.459,1.522,126.697,4.398
Indonesia11294,fullRetreat,79.1553189436,0.484585,3.122,1.516,126.702,4.384
Indonesia11295,fullRetreat,175.465071406,0.484585,0.884,1.507,126.857,4.491
Indonesia11296,fullRetreat,337.042487714,0.484585,2.097,1.524,126.689,4.37
Indonesia11297,fullRetreat,232.16940046,0.484585,4.187,1.544,126.857,4.47
Indonesia11298,fullRetreat,93.8735506158,0.484585,1.006,1.518,126.694,4.36
Indonesia11299,fullRetreat,572.450902658,0.484585,4.283,1.513,126.685,4.341
Indonesia11300,fullRetreat,108.19037597,0.484585,1.228,1.498,126.871,4.458
Indonesia11301,fullRetreat,107.167528308,0.484585,0.128,1.498,126.87,4.452
Indonesia11302,fullRetreat,2922.04866748,0.484585,22.283,1.51,126.856,4.367
Indonesia11303,fullRetreat,333.697435061,0.484585,6.191,1.511,126.709,4.319
Indonesia11304,fullRetreat,572.450902658,0.484585,10.757,1.505,126.718,4.267
Indonesia11305,fullRetreat,193.68676713,0.484585,1.683,1.503,126.759,4.249
Indonesia11306,fullRetreat,380.862677466,0.484585,7.49,1.513,126.79,4.24
Indonesia11307,noAdaptation,266.612069605,0.484585,1.761,1.508,126.909,4.294
Indonesia11308,fullRetreat,96.4320214745,0.484585,0.099,1.507,126.913,4.288
Indonesia11309,fullProtect,3.853585,0.484585,0.046,1.507,126.913,4.287
Indonesia11310,fullRetreat,117.240349534,0.484585,1.199,1.521,126.916,4.283
Indonesia11311,fullRetreat,98.4200782955,0.484585,0.381,1.518,126.915,4.276
Indonesia11312,fullRetreat,81.8313610658,0.484585,1.126,1.517,126.917,4.27
Indonesia11313,fullRetreat,1575.08193206,0.484585,38.155,1.523,126.82,4.18
Indonesia11314,fullRetreat,109.950807857,0.484585,0.126,1.508,126.789,4.213
Indonesia11315,fullRetreat,765.550088134,0.484585,13.847,1.504,126.755,4.166
Indonesia11316,fullRetreat,108.095288158,0.484585,0.294,1.503,126.737,4.113
Indonesia11317,fullRetreat,254.915758499,0.484585,4.367,1.504,126.726,4.101
Indonesia11318,fullRetreat,92.0582964683,0.484585,0.26,1.498,126.715,4.087
Indonesia11319,fullRetreat,2035.15545635,0.484585,17.343,1.502,126.668,4.043
Indonesia11320,fullRetreat,444.296248941,0.484585,6.168,1.498,126.722,4.0
Indonesia11321,fullRetreat,95.0777695708,0.484585,3.567,1.495,126.81,4.035
Indonesia11322,fullRetreat,224.407877842,0.484585,1.576,1.497,126.796,4.029
Indonesia11323,fullRetreat,357.447308896,0.484585,8.377,1.545,126.775,4.007
Indonesia11324,fullProtect,0.799585,0.484585,0.088,1.484,126.797,4.023
Indonesia11325,fullRetreat,515.718809667,0.484585,7.651,1.507,126.628,4.04
Indonesia11326,fullRetreat,3306.76317308,0.484585,37.038,1.497,126.664,3.938
Indonesia11327,fullRetreat,589.148401985,0.484585,11.88,1.499,126.661,3.968
Indonesia11328,fullRetreat,297.570866412,0.484585,8.071,1.49,126.728,3.918
Indonesia11329,fullRetreat,589.148401985,0.484585,11.731,1.49,126.698,3.859
Indonesia11330,fullRetreat,92.8031337669,0.484585,1.369,1.486,126.708,3.804
Indonesia11331,fullRetreat,92.8031337669,0.484585,1.239,1.485,126.716,3.811
Indonesia11332,fullRetreat,92.8031337669,0.484585,1.007,1.506,126.713,4.27
Indonesia11337,fullRetreat,96.4157906319,0.484585,1.085,1.504,126.804,4.029
Indonesia11338,fullRetreat,2753.82429705,0.484585,44.415,1.481,126.763,3.857
Indonesia10275,fullRetreat,6006.21283032,0.41289,68.516,2.06,105.76,3.029
Indonesia10287,fullRetreat,10586.7590495,0.41289,182.765,2.482,108.164,4.174
Indonesia10352,fullRetreat,5918.70226761,0.44169,48.741,2.558,108.856,3.001
Indonesia10379,fullRetreat,4817.34060821,0.44169,158.945,1.285,110.51,-2.874
Indonesia10388,fullRetreat,267.630033789,0.44169,43.73,1.266,110.79,-2.971
Indonesia10389,fullRetreat,562.738938421,0.44169,45.615,1.41,111.064,-3.066
Indonesia10391,fullRetreat,1472.50392366,0.44169,28.216,1.908,111.358,-2.923
Indonesia10395,fullRetreat,3486.77815885,0.44169,53.47,2.088,111.666,-2.964
Indonesia10397,fullRetreat,3452.04929273,0.44169,106.131,1.77,111.816,-3.169
Indonesia10403,fullRetreat,5160.69437598,0.44169,131.593,1.947,112.389,-3.343
Indonesia10404,fullRetreat,2401.4494882,0.44169,38.764,2.331,112.946,-3.123
Indonesia10405,fullRetreat,20465.4641364,0.44169,201.943,2.286,113.635,-3.358
Indonesia10406,fullProtect,0.56019,0.44169,87.958,2.141,114.607,-3.731
Indonesia10200,fullRetreat,5215.79983827,0.34702,50.3,0.988,97.868,1.076
Indonesia10201,fullRetreat,6189.41580808,0.34702,66.42,0.962,97.511,1.437
Indonesia10202,fullRetreat,12517.9196119,0.34702,40.164,1.033,97.887,0.702
Indonesia10203,fullRetreat,14499.841385,0.35642,46.702,0.952,97.154,1.351
Indonesia10204,fullRetreat,16829.6474782,0.34702,97.9,0.954,97.568,0.861
Indonesia3240,fullRetreat,19025.2001781,0.416105,554.636,1.644,119.889,0.437
Indonesia3239,fullRetreat,2196.38369436,0.416105,81.098,1.612,121.674,1.064
Indonesia3241,fullRetreat,485.633417339,0.416105,17.904,1.571,119.493,-0.937
Indonesia3273,fullRetreat,3006.68006654,0.416105,79.819,1.837,122.269,-3.527
Indonesia3274,fullRetreat,2561.08234859,0.416105,252.15,1.459,121.946,-2.495
Indonesia3275,fullRetreat,457.941876901,0.416105,74.323,1.256,121.618,-1.934
Indonesia3276,fullRetreat,538.359880362,0.416105,43.156,1.215,122.003,-1.636
Indonesia3277,fullRetreat,1089.96495317,0.416105,43.708,1.254,122.362,-1.5
Indonesia3278,fullRetreat,6405.01190637,0.416105,559.379,1.204,122.877,-0.701
Indonesia11165,fullRetreat,1263.72748194,0.416105,81.091,1.421,121.899,-0.44
Indonesia11173,fullRetreat,2879.13801374,0.416105,54.997,1.323,121.995,-0.325
Indonesia11238,fullRetreat,7602.95602207,0.417235,329.965,1.219,123.162,-1.149
Indonesia10368,fullRetreat,6394.58407302,0.44169,76.855,1.426,108.886,0.765
Indonesia10369,fullRetreat,1243.63461412,0.44169,8.267,1.597,108.939,0.391
Indonesia10370,fullRetreat,159877.841591,0.44169,315.239,1.519,109.35,-0.583
Indonesia10373,fullRetreat,974.731794717,0.44169,60.814,1.55,109.988,-1.26
Indonesia10374,fullRetreat,2770.33251193,0.44169,79.819,1.496,109.906,-1.8
Indonesia10435,fullRetreat,2827.6480716,0.45239,52.549,1.551,108.903,-1.538
Indonesia10436,fullRetreat,16187.185561,0.44169,125.434,1.576,109.668,-1.005
Indonesia10376,fullRetreat,75.7175028823,0.44169,3.135,1.382,110.128,-2.061
Indonesia10377,fullRetreat,338.250170323,0.44169,15.179,1.348,110.108,-2.14
Indonesia10378,fullRetreat,875.222542933,0.44169,48.339,1.387,110.168,-2.402
Indonesia11473,fullRetreat,518.307771416,0.484585,55.34,1.678,129.865,-1.143
Indonesia11476,fullRetreat,335.592707793,0.484585,84.23,1.687,130.269,-1.692
Indonesia11477,fullRetreat,364.523113637,0.484585,73.507,1.596,129.812,-1.952
Indonesia11475,fullRetreat,471.56561526,0.484585,39.732,1.717,130.296,-2.036
Indonesia3268,fullRetreat,1458.24483377,0.416105,91.982,1.559,121.048,-3.224
Indonesia3269,fullRetreat,3326.05469949,0.416105,111.395,1.797,121.286,-3.862
Indonesia3270,fullRetreat,5235.64730356,0.416105,149.901,1.955,121.575,-4.759
Indonesia3271,fullRetreat,2862.34519007,0.416105,76.713,2.102,122.217,-4.488
Indonesia3272,fullRetreat,5066.97359549,0.416105,183.698,1.871,122.802,-4.045
Indonesia11248,fullRetreat,24942.0428244,0.416105,257.395,1.976,122.558,-4.7
Indonesia11250,fullRetreat,3535.20776183,0.416105,82.633,1.839,122.954,-4.441
Indonesia11251,fullRetreat,15315.8040849,0.416105,91.58,1.846,123.152,-4.734
Indonesia11252,fullRetreat,568.652002168,0.416105,22.948,1.95,122.838,-4.879
Indonesia11254,fullRetreat,2803.14168948,0.416105,104.091,1.962,122.633,-5.405
Indonesia11260,fullRetreat,2106.53752701,0.416105,101.057,1.819,123.064,-3.993
Indonesia11236,fullRetreat,3482.16358942,0.416105,118.597,2.089,121.938,-5.065
Indonesia11253,fullRetreat,1625.79749709,0.479695,124.975,1.901,123.095,-5.407
Indonesia11278,fullRetreat,3010.73610572,0.479695,45.071,1.86,123.555,-5.253
Indonesia10407,fullRetreat,26131.4093386,0.44169,84.333,2.074,114.912,-4.051
Indonesia10409,fullRetreat,30317.5106619,0.44169,259.028,1.984,116.107,-3.255
Indonesia10664,fullRetreat,31154.7421921,0.44169,214.474,1.903,116.259,-3.225
Indonesia10668,fullRetreat,8177.15572643,0.44169,66.18,2.086,116.4,-3.388
Indonesia11430,fullRetreat,8013.98089542,0.484585,187.525,1.281,128.608,2.585
Indonesia11456,fullRetreat,27843.1579155,0.484585,1338.07,1.313,127.916,0.861
Indonesia11467,fullRetreat,506.282102273,0.484585,87.406,1.56,129.316,0.037
Indonesia11269,fullRetreat,133.072986296,0.417235,48.228,1.334,124.619,-1.99
Indonesia11270,fullRetreat,1123.41917826,0.417235,185.188,1.254,124.83,-1.674
Indonesia11271,fullRetreat,109.145722457,0.417235,38.855,1.307,124.983,-1.94
Indonesia11340,fullRetreat,934.452108767,0.484585,239.79,1.268,126.176,-1.809
Indonesia11360,fullRetreat,260.373652598,0.484585,134.249,1.247,125.926,-1.971
Indonesia11426,fullRetreat,572.822035715,0.484585,85.892,1.24,127.206,-0.257
Indonesia11428,fullRetreat,266.159733766,0.484585,64.231,1.228,127.198,-0.625
Indonesia11431,fullRetreat,3101.52269288,0.484585,391.841,1.541,126.648,-3.061
Indonesia11433,fullRetreat,133.079866883,0.484585,51.027,1.257,127.601,-1.198
Indonesia11437,fullRetreat,561.249873377,0.484585,235.811,1.234,127.478,-0.352
Indonesia11438,fullRetreat,671.185415585,0.484585,184.134,1.241,127.792,-1.384
Indonesia11439,fullRetreat,2760.66258295,0.484585,4.638,1.249,127.813,-1.694
Indonesia11440,fullRetreat,9826.66552489,0.484585,19.846,1.274,127.703,-1.691
Indonesia11441,fullRetreat,2024.4064818,0.484585,9.092,1.256,127.585,-1.737
Indonesia11454,fullRetreat,505.341960872,0.479695,46.691,1.579,127.521,-3.262
Indonesia11455,fullRetreat,584.601787304,0.479695,46.15,1.499,127.751,-3.154
Indonesia11458,fullRetreat,1454.4537008,0.479695,162.095,1.753,128.013,-3.605
Indonesia11459,fullRetreat,729.813184432,0.479695,53.846,1.766,128.523,-3.535
Indonesia11468,fullRetreat,1146.20277806,0.479695,60.534,1.807,128.66,-3.534
Indonesia11562,fullRetreat,14282.6320859,0.479695,943.661,1.655,127.919,-3.431
Indonesia11647,fullRetreat,7527.90716452,0.479695,96.076,1.734,132.679,-5.604
Indonesia11648,fullRetreat,1093.91802996,0.479695,184.048,1.67,133.169,-5.297
Indonesia10455,fullRetreat,27311.5791425,0.44169,51.285,1.589,112.704,-5.735
Indonesia3242,fullRetreat,2261.90308345,0.416105,103.63,1.474,119.293,-1.415
Indonesia3243,fullRetreat,405.745854668,0.416105,32.06,1.402,119.323,-1.972
Indonesia3244,fullRetreat,7889.90849658,0.416105,295.952,1.177,118.875,-2.955
Indonesia3245,fullRetreat,1660.51330969,0.416105,9.356,1.226,119.51,-3.582
Indonesia3246,fullRetreat,27773.5828513,0.416105,52.781,1.206,119.513,-3.829
Indonesia3247,fullRetreat,823.388789658,0.416105,3.536,1.33,119.613,-4.057
Indonesia3248,fullRetreat,2698.07975489,0.416105,19.716,1.096,119.623,-4.162
Indonesia3249,fullRetreat,4600.24484491,0.416105,4.634,1.256,119.624,-4.271
Indonesia3250,fullRetreat,37138.0479526,0.416105,9.303,1.591,119.623,-4.333
Indonesia3251,fullRetreat,6104.47830248,0.416105,4.665,1.698,119.615,-4.396
Indonesia3252,fullRetreat,2980.77149906,0.416105,24.321,1.047,119.6,-4.525
Indonesia3253,fullRetreat,9337.54383456,0.416105,35.223,1.097,119.494,-4.763
Indonesia3254,fullRetreat,2350.97986412,0.416105,14.953,1.24,119.496,-4.979
Indonesia3259,fullRetreat,8658.00714016,0.416105,59.487,1.449,120.283,-5.098
Indonesia3261,fullRetreat,66075.2911213,0.416105,135.337,1.415,120.375,-4.281
Indonesia3262,fullRetreat,979.514764054,0.416105,22.421,1.327,120.431,-3.613
Indonesia3263,fullRetreat,666.935258249,0.416105,17.574,1.292,120.397,-3.441
Indonesia3264,fullRetreat,1891.55888547,0.416105,54.822,1.181,120.308,-3.166
Indonesia3265,fullRetreat,3657.31228441,0.416105,45.982,1.2,120.386,-2.847
Indonesia3266,fullRetreat,1832.72110211,0.416105,35.608,1.347,120.69,-2.643
Indonesia3267,fullRetreat,4111.63679179,0.416105,39.021,1.505,121.013,-2.668
Indonesia10270,fullRetreat,19059.8097569,0.380945,86.694,1.042,102.148,-5.29
Indonesia10221,fullRetreat,11570.2875325,0.34455,116.581,1.021,99.552,-2.047
Indonesia10224,fullRetreat,4918.91725154,0.39771,107.753,1.02,100.068,-2.55
Indonesia10230,fullRetreat,9984.35544249,0.39771,164.527,1.052,100.257,-2.795
Kenya1368,fullRetreat,23.0178640731,0.425685,2.749,2.754,41.548,-1.682
Kenya1361,fullRetreat,2075.02251887,0.425685,4.339,3.122,39.771,-3.942
Kenya1362,fullRetreat,986684.473302,0.425685,21.872,3.192,39.704,-4.039
Kenya1363,fullRetreat,23995.8415199,0.425685,90.986,3.141,39.482,-4.494
Kenya1364,fullRetreat,9120.25898124,0.425685,31.083,3.007,40.015,-3.347
Kenya1365,fullRetreat,33619.4641476,0.425685,55.318,3.015,39.868,-3.693
Kenya1366,fullRetreat,9936.55692791,0.425685,147.342,2.93,40.261,-2.645
Kenya1367,fullRetreat,20143.1197665,0.425685,163.762,2.863,40.946,-2.027
Kenya9347,fullRetreat,38294.1315919,0.425685,66.259,3.015,41.122,-2.049
Malaysia10394,fullRetreat,1188.21849052,0.441045,47.279,2.419,115.321,4.897
Malaysia10416,fullRetreat,12720.5904306,0.416105,99.221,2.327,117.847,4.296
Malaysia10635,fullRetreat,743.949530817,0.416105,41.673,2.291,117.738,4.259
Malaysia10381,fullProtect,0.524545,0.441045,29.973,1.889,113.967,4.582
Malaysia10390,fullRetreat,2787.4277747,0.441045,8.499,2.974,115.025,4.858
Malaysia10361,fullRetreat,234.355865997,0.44169,17.007,2.332,109.655,1.997
Malaysia10396,fullRetreat,269.473485565,0.441045,25.783,2.432,115.565,5.091
Malaysia10398,fullRetreat,345.368045171,0.441045,1.463,2.504,115.554,5.201
Malaysia10399,fullRetreat,10485.103679,0.441045,85.941,2.573,115.436,5.445
Malaysia10400,fullRetreat,5165.65771247,0.43912,56.279,2.034,115.915,5.737
Malaysia10401,fullRetreat,46018.7910074,0.43912,30.251,2.153,116.099,6.046
Malaysia10402,fullRetreat,27014.4480653,0.44561,408.323,2.294,116.957,6.712
Malaysia10408,fullRetreat,97543.1471335,0.419555,157.894,2.471,117.93,5.995
Malaysia10410,fullRetreat,21435.006084,0.415125,202.64,1.877,118.709,5.58
Malaysia10412,fullRetreat,13110.9386054,0.415125,269.121,1.887,118.135,4.851
Malaysia10508,fullRetreat,3019.11356268,0.44561,58.33,2.123,117.011,7.335
Malaysia10517,fullRetreat,5689.86786812,0.44561,87.765,2.048,117.249,7.348
Malaysia10524,fullRetreat,468.261647412,0.44561,63.769,2.444,117.404,6.741
Malaysia10665,fullRetreat,6158.2016615,0.415125,59.844,1.701,118.387,4.675
Malaysia10363,fullRetreat,1757.76086121,0.44169,46.232,2.63,109.81,1.787
Malaysia10364,fullRetreat,674.920332292,0.44169,15.979,3.153,110.053,1.688
Malaysia10365,fullRetreat,118085.070313,0.44169,34.657,3.574,110.27,1.727
Malaysia10366,fullProtect,0.70719,0.44169,27.019,4.384,110.453,1.671
Malaysia10367,fullRetreat,28487.6483557,0.44169,265.274,3.253,111.372,1.351
Malaysia10371,fullProtect,0.58919,0.44169,207.925,3.075,111.403,2.481
Malaysia10372,fullProtect,0.54019,0.44169,96.11,2.629,112.528,3.017
Malaysia10375,fullProtect,0.52119,0.44169,158.941,2.088,113.402,3.666
Malaysia10380,fullRetreat,7339.5893247,0.44169,32.467,2.157,113.96,4.312
Malaysia10437,fullRetreat,8152.03785626,0.44169,104.24,2.537,111.335,2.777
MicronesiaFedStates11740,fullRetreat,107.285772638,0.474795,0.704,0.958,153.63,5.294
MicronesiaFedStates11741,fullRetreat,126.37791162,0.474795,1.515,0.96,153.638,5.287
MicronesiaFedStates11742,fullRetreat,107.100412066,0.474795,0.582,0.962,153.645,5.283
MicronesiaFedStates11743,fullRetreat,1205.89425317,0.474795,19.465,0.969,153.71,5.313
MicronesiaFedStates11744,fullRetreat,412.795678251,0.474795,6.64,0.996,153.736,5.334
Palau11626,fullRetreat,1574.20567517,0.500025,22.14,1.63,134.46,7.361
Palau11627,fullRetreat,2969.33922554,0.500025,100.764,1.803,134.621,7.708
PapuaNewGuinea11709,fullRetreat,11111.1613035,0.47915,253.336,0.777,147.422,-2.034
PapuaNewGuinea11715,fullRetreat,1416.84154105,0.47915,83.35,1.022,149.558,-1.384
PapuaNewGuinea11716,noAdaptation,0,0.47915,3.628,1.014,149.765,-1.59
PapuaNewGuinea11717,noAdaptation,0,0.47915,2.178,1.006,149.741,-1.6
Philippines10509,fullRetreat,26167.6244664,0.536095,1144.063,1.512,119.424,11.072
Philippines10642,fullRetreat,3661.75274747,0.750975,52.793,1.859,119.785,11.507
Philippines10643,fullRetreat,4996.66900039,0.750975,95.193,1.808,119.966,11.953
Philippines10644,fullRetreat,7317.86622361,0.750975,168.459,1.722,120.086,12.207
Philippines10645,fullRetreat,3560.29974625,0.536095,75.958,1.887,119.933,10.606
Philippines10507,fullRetreat,3326.93104052,0.44561,76.149,1.681,117.032,8.07
Philippines10511,fullRetreat,1003.03097171,0.44561,43.82,1.759,117.317,8.33
Philippines11183,fullRetreat,333.903151985,0.412395,7.775,1.465,124.799,9.095
Philippines10823,fullRetreat,3698.15645625,0.412395,45.001,1.551,125.265,8.973
Philippines10824,fullProtect,0.769395,0.412395,6.823,1.412,125.487,8.995
Philippines10825,fullRetreat,2146.7505334,0.412395,37.342,1.598,125.772,9.556
Philippines10826,fullRetreat,3674.62369271,0.412395,10.209,1.529,125.6,9.664
Philippines10827,fullRetreat,1901.92055029,0.412395,5.388,1.54,125.578,9.73
Philippines10828,noAdaptation,6270.7066021,0.412395,28.283,1.415,125.454,9.809
Philippines10829,fullRetreat,1312.0057143,0.412395,76.74,1.4,125.481,9.378
Philippines10830,fullRetreat,3570.96122257,0.412395,4.164,1.403,125.523,9.024
Philippines10841,fullRetreat,13607.6530527,0.412395,214.756,1.654,126.333,8.853
Philippines11215,fullRetreat,10805.1441161,0.412395,18.706,1.577,125.589,9.842
Philippines11216,fullRetreat,1083.63674196,0.412395,8.211,2.078,125.608,9.952
Philippines11221,fullProtect,0.732395,0.412395,3.53,2.428,125.662,9.826
Philippines11230,fullRetreat,2602.24009223,0.412395,52.384,1.548,125.939,9.755
Philippines11234,fullRetreat,1419.9592414,0.412395,17.437,1.422,126.173,9.807
Philippines11235,fullRetreat,763.391834961,0.412395,10.614,1.426,126.08,9.744
Philippines10755,fullRetreat,994.497484107,0.41653,23.918,1.964,123.291,10.149
Philippines10756,fullRetreat,1091.1932398,0.41653,8.52,1.953,123.232,10.016
Philippines10895,fullRetreat,11709.9617625,0.41653,32.746,2.008,123.4,9.914
Philippines10896,fullRetreat,1814.81183935,0.41653,8.137,2.119,123.431,10.067
Philippines10897,fullRetreat,19006.6162529,0.41653,43.735,2.044,123.561,10.256
Philippines10898,fullRetreat,6520.73519506,0.41653,62.116,2.133,123.777,10.668
Philippines10899,fullRetreat,48094.2341241,0.41653,113.331,2.149,124.045,11.208
Philippines10900,fullRetreat,1416.20461501,0.41653,9.268,1.952,124.033,10.667
Philippines10901,fullRetreat,6342.84633132,0.41653,23.397,1.939,124.024,10.52
Philippines10902,fullRetreat,147153.537922,0.41653,29.977,1.913,123.951,10.317
Philippines10903,fullRetreat,8828.94080925,0.41653,74.521,1.868,123.624,10.01
Philippines11129,fullRetreat,86933.5532284,0.41653,106.701,1.885,124.04,9.995
Philippines11130,fullRetreat,2701.475036,0.41653,11.043,1.973,124.455,10.068
Philippines11131,fullProtect,0.67553,0.41653,5.524,1.846,124.525,10.055
Philippines11132,fullRetreat,1592.40272466,0.41653,10.401,1.733,124.57,10.004
Philippines10757,fullRetreat,1635.7630569,0.41653,43.168,1.972,123.146,9.811
Philippines10766,fullRetreat,2622.530698,0.41653,13.707,1.949,123.123,9.597
Philippines10767,fullRetreat,4935.08295904,0.41653,23.486,1.84,123.209,9.454
Philippines10768,fullRetreat,648.811781503,0.41653,2.109,1.747,123.285,9.368
Philippines10769,fullRetreat,936.36482115,0.41653,3.836,1.736,123.303,9.348
Philippines10770,fullRetreat,5739.77709474,0.41653,9.476,1.704,123.312,9.291
Philippines10771,fullRetreat,519.840159745,0.41653,4.951,1.675,123.296,9.228
Philippines10772,fullRetreat,2084.29555045,0.41653,38.211,1.636,123.173,9.081
Philippines10890,fullRetreat,705.248371651,0.41653,7.945,1.841,123.304,9.423
Philippines10891,fullRetreat,4428.50126881,0.41653,9.352,2.275,123.299,9.5
Philippines10892,fullRetreat,1744.72808035,0.41653,9.414,1.894,123.312,9.583
Philippines10893,fullRetreat,3047.88951633,0.41653,8.084,1.82,123.327,9.661
Philippines10894,fullRetreat,2859.88944552,0.41653,10.787,1.886,123.342,9.744
Philippines10904,fullRetreat,386.354606634,0.41653,18.915,1.689,123.493,9.627
Philippines10905,fullRetreat,622.796047797,0.41653,7.984,1.695,123.439,9.519
Philippines10906,fullRetreat,655.144563162,0.41653,13.151,1.735,123.38,9.445
Philippines11110,noAdaptation,0,0.41653,0.34,1.54,123.585,9.089
Philippines11111,fullRetreat,3803.16968066,0.41653,20.561,1.526,123.508,9.138
Philippines11112,fullRetreat,3508.81836581,0.41653,9.859,1.534,123.499,9.212
Philippines11113,fullRetreat,3155.92054988,0.41653,10.58,1.508,123.581,9.248
Philippines11114,fullRetreat,3716.71137936,0.41653,38.88,1.505,123.696,9.176
Philippines11127,fullRetreat,1955.11233832,0.41653,21.245,1.592,123.965,9.598
Philippines11128,fullProtect,0.94253,0.41653,7.007,1.736,123.852,9.649
Philippines11133,fullRetreat,7023.01541493,0.41653,41.655,1.471,124.575,9.817
Philippines11134,fullRetreat,580.412363383,0.41653,13.122,1.453,124.458,9.708
Philippines11135,fullRetreat,853.702031136,0.41653,5.673,1.464,124.396,9.651
Philippines11136,fullRetreat,213.47952273,0.41653,28.747,1.486,124.254,9.596
Philippines11137,noAdaptation,0,0.41653,7.315,1.533,124.092,9.585
Philippines10856,fullRetreat,2884.20758466,0.484585,76.191,1.884,124.111,6.317
Philippines10857,fullRetreat,251.404099141,0.484585,1.443,1.856,124.371,6.113
Philippines10858,noAdaptation,1016.08437591,0.484585,0.282,1.855,124.376,6.107
Philippines10859,fullRetreat,654.183872713,0.484585,15.876,1.846,124.438,6.069
Philippines10860,fullRetreat,844.094935334,0.484585,84.954,1.788,124.85,5.881
Philippines10842,fullRetreat,6554.93902777,0.484585,16.989,1.711,126.33,8.258
Philippines10843,fullRetreat,9956.42858837,0.484585,411.068,1.672,126.347,6.8
Philippines10861,fullRetreat,2834.02474367,0.484585,22.527,1.777,125.154,6.097
Philippines10862,fullRetreat,3520.4007195,0.484585,144.776,1.722,125.315,5.567
Philippines10863,fullRetreat,180.681970792,0.484585,1.353,1.691,125.855,7.339
Philippines10864,fullRetreat,2660.74927497,0.484585,36.398,1.7,125.867,7.175
Philippines10865,fullRetreat,520.386795017,0.484585,1.829,1.737,125.852,7.352
Philippines10866,fullRetreat,14236.0412658,0.484585,66.786,1.723,125.657,7.176
Philippines10867,fullRetreat,1137.80755482,0.484585,1.704,1.679,125.378,6.716
Philippines10868,fullRetreat,5759.88059242,0.484585,4.648,1.694,125.381,6.688
Philippines10869,fullRetreat,816.449692562,0.484585,4.648,1.733,125.384,6.646
Philippines10870,fullRetreat,2622.66666129,0.484585,83.793,1.705,125.632,6.387
Philippines10871,fullRetreat,708.642335721,0.484585,2.187,1.662,125.489,6.968
Philippines10872,fullRetreat,1027.44757416,0.484585,22.265,1.658,125.455,6.87
Philippines10873,fullRetreat,3159.14078931,0.484585,7.799,1.693,125.386,6.758
Philippines11245,fullRetreat,1161.88960553,0.484585,24.525,1.707,125.715,6.984
Philippines11246,fullRetreat,1282.6433232,0.484585,25.582,1.731,125.7,7.19
Philippines11247,fullRetreat,290.252433992,0.484585,27.87,1.697,125.796,7.005
Philippines10806,fullProtect,0.724585,0.484585,0.567,1.788,123.687,7.966
Philippines10807,fullRetreat,4043.23107577,0.484585,13.396,1.818,123.74,7.999
Philippines10808,fullRetreat,648.732376937,0.484585,1.798,1.861,123.786,8.049
Philippines10809,fullRetreat,338.918096513,0.484585,6.371,1.717,123.813,8.074
Philippines10810,fullRetreat,3498.67869441,0.484585,26.819,1.644,123.936,8.157
Philippines10811,fullRetreat,287.392632192,0.484585,3.92,1.585,124.066,8.194
Philippines10844,fullRetreat,220.828057081,0.484585,8.062,1.92,123.578,7.845
Philippines10845,fullRetreat,1192.19421549,0.484585,46.152,1.879,123.757,7.712
Philippines10846,fullRetreat,2234.03946978,0.484585,25.423,1.914,124.047,7.608
Philippines10847,fullRetreat,1663.22106683,0.484585,18.66,2.171,124.138,7.436
Philippines10848,fullRetreat,352.659546644,0.484585,2.593,2.597,124.219,7.413
Philippines10849,fullRetreat,323.940954395,0.484585,0.901,1.926,124.235,7.418
Philippines10850,fullRetreat,2162.70338344,0.484585,10.811,1.88,124.266,7.379
Philippines10851,fullRetreat,11068.8863793,0.484585,9.235,1.823,124.229,7.299
Philippines10852,fullProtect,0.742585,0.484585,1.729,1.375,124.204,7.257
Philippines10853,fullRetreat,2113.57669038,0.484585,32.542,1.387,124.104,7.149
Philippines10854,fullRetreat,571.915037065,0.484585,40.178,1.728,123.959,6.88
Philippines10855,fullRetreat,3393.25444259,0.484585,14.713,1.796,124.043,6.691
Philippines10684,fullProtect,0.485235,0.417235,85.729,1.209,120.057,5.259
Philippines10686,fullProtect,0.827235,0.417235,48.562,1.39,120.009,5.16
Philippines10685,fullProtect,0.759235,0.417235,6.528,2.763,120.229,5.138
Philippines10697,fullProtect,0.630235,0.417235,48.653,1.396,120.564,6.38
Philippines10739,fullProtect,0.676235,0.417235,8.176,1.883,121.272,5.887
Philippines10740,fullProtect,0.673235,0.417235,64.332,1.281,120.99,5.888
Philippines10741,fullProtect,0.802235,0.417235,5.379,1.22,120.979,6.057
Philippines10742,fullProtect,3.781235,0.417235,4.926,1.199,121.02,6.078
Philippines10743,fullRetreat,4941.70366885,0.417235,14.899,1.167,121.108,6.087
Philippines10744,fullRetreat,4913.17172446,0.417235,15.437,1.097,121.224,6.027
Philippines10745,fullProtect,0.694235,0.417235,38.926,1.297,121.424,5.952
Philippines10776,fullRetreat,1644.52989414,0.417235,10.731,1.491,121.948,6.429
Philippines10777,fullRetreat,2294.86529704,0.417235,12.042,1.301,121.875,6.5
Philippines10778,noAdaptation,3313.11333617,0.417235,1.285,1.286,121.837,6.546
Philippines10779,fullRetreat,782.428457184,0.417235,4.736,1.312,121.82,6.567
Philippines10780,fullRetreat,4746.54398144,0.417235,18.613,1.236,121.807,6.659
Philippines10781,fullRetreat,1398.89570602,0.417235,17.616,1.018,121.947,6.681
Philippines10782,fullRetreat,385.671886384,0.417235,2.565,1.117,122.01,6.744
Philippines10783,fullRetreat,154.649007208,0.417235,2.4,1.196,122.031,6.751
Philippines10784,fullRetreat,3237.67795481,0.417235,69.622,1.773,122.229,6.572
Philippines10795,fullRetreat,605.314226128,0.417235,20.901,1.895,122.38,7.501
Philippines10796,fullRetreat,28195.7259482,0.417235,125.37,1.515,122.21,7.006
Philippines10797,fullRetreat,1319.22192718,0.417235,187.522,1.453,122.191,7.91
Philippines10798,fullRetreat,289.885258411,0.41653,23.977,1.787,122.992,8.268
Philippines10799,fullRetreat,1647.41220188,0.41653,45.153,1.702,123.093,8.521
Philippines10800,fullRetreat,7554.51117929,0.41653,48.514,1.581,123.379,8.708
Philippines10803,fullRetreat,277.98648337,0.484585,1.727,1.805,123.67,7.955
Philippines10804,fullProtect,0.732585,0.484585,0.404,1.8,123.679,7.958
Philippines10805,fullRetreat,243.379136482,0.484585,0.868,1.797,123.683,7.961
Philippines10831,noAdaptation,7534.71525403,0.417235,53.153,1.881,122.59,7.754
Philippines10832,fullRetreat,6549.00698104,0.417235,96.29,1.924,122.892,7.468
Philippines10833,fullRetreat,397.079844263,0.484585,1.742,1.958,123.13,7.714
Philippines10834,fullRetreat,1461.58081528,0.484585,80.29,1.889,123.177,7.467
Philippines10835,fullRetreat,348.973612005,0.484585,22.129,1.848,123.455,7.38
Philippines10836,fullRetreat,430.870700095,0.484585,11.886,1.911,123.38,7.502
Philippines10837,fullRetreat,3359.50588489,0.484585,8.202,1.89,123.346,7.572
Philippines10838,fullRetreat,952.010935079,0.484585,31.137,1.872,123.479,7.67
Philippines10839,fullRetreat,671.547684495,0.484585,12.257,1.943,123.491,7.826
Philippines10840,fullProtect,0.743585,0.484585,0.133,1.89,123.542,7.848
Philippines10907,fullRetreat,913.086109483,0.417235,13.67,1.902,122.795,7.32
Philippines10908,fullRetreat,732.024409812,0.417235,13.07,2.228,122.817,7.428
Philippines10909,fullRetreat,809.010136121,0.417235,21.192,2.005,122.954,7.394
Philippines10910,fullRetreat,299.289729911,0.417235,6.244,1.96,122.902,7.318
Philippines10911,fullRetreat,450.530970006,0.417235,6.727,1.896,122.848,7.302
SaoTome&Principe9209,fullRetreat,89.0832126029,0.541065,52.101,1.495,7.403,1.701
SaoTome&Principe9206,noAdaptation,523.899130257,0.541065,117.836,1.47,6.68,0.404
Somalia1407,fullRetreat,2310.58529065,0.543165,0.093,2.508,43.25,11.469
Somalia1369,fullRetreat,86387.2600755,0.425685,297.792,2.199,42.334,-0.592
Somalia1391,fullRetreat,12.6284297312,0.543165,20.261,1.946,49.98,11.491
Somalia1392,fullRetreat,36.7998449674,0.543165,57.208,1.934,49.638,11.464
Somalia1393,fullRetreat,149.863138665,0.543165,46.7,1.985,49.218,11.299
Somalia1394,fullRetreat,15.8751528439,0.543165,6.419,2.046,48.986,11.246
Somalia1395,fullRetreat,304.28309756,0.543165,281.081,2.065,47.762,11.121
Somalia1386,fullRetreat,21.2522134563,0.543165,104.141,1.776,50.828,9.692
Somalia1387,fullRetreat,442.924676554,0.543165,273.363,1.83,51.047,10.438
Somalia1388,fullRetreat,91.2934024013,0.543165,83.568,1.84,51.272,11.84
Somalia1389,fullRetreat,91.2031297887,0.543165,69.812,1.864,50.609,11.932
Somalia1390,fullRetreat,81.6785963171,0.543165,45.347,1.891,50.258,11.585
Somalia1383,fullRetreat,259.808621,0.543165,127.24,1.689,49.817,7.921
Somalia1384,fullRetreat,7.24773758262,0.543165,82.547,1.729,50.339,8.654
Somalia1385,fullRetreat,6.17322243147,0.543165,44.247,1.77,50.65,9.112
Somalia1404,fullRetreat,161.363067409,0.543165,41.853,2.289,44.369,10.418
Somalia1405,fullRetreat,6443.81068932,0.543165,128.294,2.395,43.764,10.872
Somalia1406,fullRetreat,884.020453383,0.543165,9.501,2.458,43.415,11.367
Somalia1408,fullRetreat,1537.98679394,0.543165,17.083,2.456,43.316,11.432
Somalia1396,fullRetreat,160.64013441,0.543165,45.555,2.125,46.449,10.69
Somalia1397,fullRetreat,181.228889835,0.543165,47.467,2.158,46.069,10.774
Somalia1398,fullRetreat,65.3278609032,0.543165,8.984,2.147,45.833,10.853
Somalia1400,fullRetreat,119.014666924,0.543165,59.045,2.192,45.22,10.573
Somalia1401,fullRetreat,28.8580650469,0.543165,2.777,2.24,44.981,10.432
Somalia1402,fullRetreat,322.153729673,0.543165,43.087,2.237,44.78,10.453
Somalia1403,fullRetreat,29.3655137675,0.543165,4.255,2.257,44.576,10.414
Somalia1399,fullRetreat,83.9584782176,0.543165,46.224,2.179,45.626,10.773
Somalia1382,fullRetreat,54.4126274236,0.543165,118.09,1.652,49.329,6.956
Somalia1380,fullRetreat,32.7578327708,0.543165,245.918,1.558,48.538,5.348
Somalia1381,fullRetreat,7.47352528871,0.543165,20.181,1.615,49.072,6.391
Somalia1379,fullRetreat,28.3634122722,0.543165,134.93,1.574,47.525,3.979
Somalia1378,fullRetreat,3553.83442894,0.543165,224.293,1.598,46.4,2.825
Somalia1376,fullRetreat,10500.5177438,0.425685,0.377,1.681,45.585,2.171
Somalia1377,fullRetreat,3852.53322594,0.425685,5.031,1.666,45.605,2.183
Somalia1370,fullRetreat,44.9006017885,0.425685,40.215,2.25,43.368,0.515
Somalia1371,fullRetreat,487.873885305,0.425685,145.535,1.98,43.993,1.063
Somalia1372,fullRetreat,2022.7542176,0.425685,74.023,1.855,44.75,1.691
Somalia1373,fullRetreat,777.819937912,0.425685,11.657,1.786,45.075,1.899
Somalia1374,fullRetreat,560.630001134,0.425685,15.667,1.786,45.187,1.948
Somalia1375,fullRetreat,33177.6639356,0.425685,42.779,1.749,45.42,2.069
Sudan1438,fullRetreat,5.53926747882,0.31814,25.615,1.38,36.862,21.901
Sudan1431,fullRetreat,33.7271611209,0.543165,8.482,0.997,38.601,18.031
Sudan1434,fullRetreat,3.47843768966,0.543165,21.523,1.376,37.217,19.922
Sudan1435,fullRetreat,13.9556553648,0.543165,62.783,1.38,37.179,20.296
Sudan1436,fullRetreat,3.33862991059,0.543165,17.252,1.405,37.206,20.631
Sudan1437,fullRetreat,95.1728345948,0.543165,212.05,1.498,37.262,21.006
Sudan1432,fullRetreat,306.812902696,0.543165,54.199,1.102,38.381,18.179
Sudan1433,fullRetreat,2745.04361675,0.543165,229.015,1.232,37.441,18.846
UnitedKingdom10452,noAdaptation,0,0.536095,7.858,1.716,115.832,10.731
UnitedKingdom10441,noAdaptation,0,0.49689,3.085,1.745,114.374,9.708
UnitedStates11693,fullRetreat,2007.22194035,0.468,45.586,1.516,145.626,15.079
